table_name,column_name,data_type
order_items,id,INT64
order_items,order_id,INT64
order_items,user_id,INT64
order_items,product_id,INT64
order_items,inventory_item_id,INT64
order_items,status,STRING
order_items,created_at,TIMESTAMP
order_items,shipped_at,TIMESTAMP
order_items,delivered_at,TIMESTAMP
order_items,returned_at,TIMESTAMP
order_items,sale_price,FLOAT64
orders,order_id,INT64
orders,user_id,INT64
orders,status,STRING
orders,gender,STRING
orders,created_at,TIMESTAMP
orders,returned_at,TIMESTAMP
orders,shipped_at,TIMESTAMP
orders,delivered_at,TIMESTAMP
orders,num_of_item,INT64
products,id,INT64
products,cost,FLOAT64
products,category,STRING
products,name,STRING
products,brand,STRING
products,retail_price,FLOAT64
products,department,STRING
products,sku,STRING
products,distribution_center_id,INT64
users,id,INT64
users,first_name,STRING
users,last_name,STRING
users,email,STRING
users,age,INT64
users,gender,STRING
users,state,STRING
users,street_address,STRING
users,postal_code,STRING
users,city,STRING
users,country,STRING
users,latitude,FLOAT64
users,longitude,FLOAT64
users,traffic_source,STRING
users,created_at,TIMESTAMP
users,user_geom,GEOGRAPHY
