month,orders_cnt,gross_revenue
2019-01-01,7,759.96
2019-02-01,11,671.24
2019-03-01,41,3348.48
2019-04-01,52,3385.14
2019-05-01,64,4242.09
2019-06-01,66,5764.78
2019-07-01,99,10177.26
2019-08-01,120,9524.14
2019-09-01,120,10647.8
2019-10-01,150,12295.47
2019-11-01,147,12962.33
2019-12-01,157,11114.02
2020-01-01,188,16261.6
2020-02-01,188,14890.89
2020-03-01,223,18347.33
2020-04-01,257,21333.51
2020-05-01,258,21564.55
2020-06-01,282,24637.56
2020-07-01,311,25638.45
2020-08-01,315,25889.92
2020-09-01,327,26968.29
2020-10-01,352,29368.29
2020-11-01,344,25076.72
2020-12-01,376,31789.41
2021-01-01,430,34533.34
2021-02-01,367,32530.28
2021-03-01,472,39751.5
2021-04-01,451,37075.04
2021-05-01,495,42370.76
2021-06-01,517,43902.41
2021-07-01,544,45520.4
2021-08-01,559,45004.41
2021-09-01,569,49803.62
2021-10-01,640,51346.06
2021-11-01,665,52425.72
2021-12-01,648,56827.64
2022-01-01,631,50670.94
2022-02-01,573,52763.79
2022-03-01,765,64397.5
2022-04-01,731,65850.92
2022-05-01,774,71414.77
2022-06-01,755,61930.1
2022-07-01,800,68331.87
2022-08-01,889,73673.42
2022-09-01,874,70195.83
2022-10-01,954,79349.5
2022-11-01,910,74752.89
2022-12-01,955,80092.9
2023-01-01,1034,86688.03
2023-02-01,930,77626.15
2023-03-01,1077,92386.73
2023-04-01,1080,95081.95
2023-05-01,1133,93845.71
2023-06-01,1190,98858.33
2023-07-01,1251,106737.69
2023-08-01,1221,105429.14
2023-09-01,1224,101612.94
2023-10-01,1253,108031.67
2023-11-01,1307,116252.54
2023-12-01,1462,123553.38
2024-01-01,1366,115384.46
2024-02-01,1420,116595.81
2024-03-01,1490,127348.85
2024-04-01,1471,126951.12
2024-05-01,1564,127597.39
2024-06-01,1590,136816.72
2024-07-01,1675,154450.83
2024-08-01,1802,157670.57
2024-09-01,1728,139651.5
2024-10-01,1861,158852.39
2024-11-01,1932,165440.29
2024-12-01,1996,168375.93
2025-01-01,2052,170599.88
2025-02-01,1890,158800.94
2025-03-01,2179,190280.36
2025-04-01,2154,186415.21
2025-05-01,2363,194270.99
2025-06-01,2362,203767.71
2025-07-01,2464,210415.39
2025-08-01,2582,226181.42
2025-09-01,2656,219355.12
2025-10-01,2836,231810.54
2025-11-01,2777,231093.95
2025-12-01,3104,266958.91
2026-01-01,3370,279197.92
2026-02-01,3079,261116.76
2026-03-01,3525,310955.84
2026-04-01,3687,307192.49
2026-05-01,4124,355714.6
2026-06-01,4262,368213.51
2026-07-01,4738,392310.94
2026-08-01,5488,464006.15
2026-09-01,7166,597226.22
