month,orders_cnt,net_revenue,aov
2019-01-01,6,734.96,122.49
2019-02-01,9,620.25,68.92
2019-03-01,33,2820.22,85.46
2019-04-01,40,2864.94,71.62
2019-05-01,53,3460.71,65.3
2019-06-01,55,5151.19,93.66
2019-07-01,77,8163.71,106.02
2019-08-01,93,7292.22,78.41
2019-09-01,86,7610.11,88.49
2019-10-01,107,8846.35,82.68
2019-11-01,105,8605.22,81.95
2019-12-01,118,7731.13,65.52
2020-01-01,150,12956.99,86.38
2020-02-01,141,10488.94,74.39
2020-03-01,168,13030.44,77.56
2020-04-01,188,15600.7,82.98
2020-05-01,194,15215.74,78.43
2020-06-01,202,17521.08,86.74
2020-07-01,247,20949.11,84.81
2020-08-01,239,20330.79,85.07
2020-09-01,237,20656.25,87.16
2020-10-01,269,22573.3,83.92
2020-11-01,265,19718.49,74.41
2020-12-01,279,22870.4,81.97
2021-01-01,321,25267.07,78.71
2021-02-01,287,25350.28,88.33
2021-03-01,349,27280,78.17
2021-04-01,332,26789.76,80.69
2021-05-01,366,30336.52,82.89
2021-06-01,388,34091.29,87.86
2021-07-01,391,32612.07,83.41
2021-08-01,412,32448.39,78.76
2021-09-01,437,38585.46,88.3
2021-10-01,503,40632.15,80.78
2021-11-01,515,40827.27,79.28
2021-12-01,482,42583.7,88.35
2022-01-01,472,39558.9,83.81
2022-02-01,430,40089.1,93.23
2022-03-01,569,46669.09,82.02
2022-04-01,550,47538.23,86.43
2022-05-01,594,55255.95,93.02
2022-06-01,558,46299.44,82.97
2022-07-01,616,51350.54,83.36
2022-08-01,701,59466.54,84.83
2022-09-01,643,51160.37,79.57
2022-10-01,717,58842.06,82.07
2022-11-01,693,58363.07,84.22
2022-12-01,710,58196.82,81.97
2023-01-01,774,65118.95,84.13
2023-02-01,717,60097.22,83.82
2023-03-01,787,66836.38,84.93
2023-04-01,824,69977.15,84.92
2023-05-01,859,72184.84,84.03
2023-06-01,878,73459.89,83.67
2023-07-01,946,81929.69,86.61
2023-08-01,929,79930.46,86.04
2023-09-01,921,74062.22,80.42
2023-10-01,938,81139.74,86.5
2023-11-01,978,85606.04,87.53
2023-12-01,1102,94028.38,85.33
2024-01-01,1037,86751.52,83.66
2024-02-01,1062,85598.55,80.6
2024-03-01,1113,97601.01,87.69
2024-04-01,1117,97153.69,86.98
2024-05-01,1175,94195.09,80.17
2024-06-01,1189,107009.27,90
2024-07-01,1264,116897.88,92.48
2024-08-01,1335,118334.79,88.64
2024-09-01,1266,102088.57,80.64
2024-10-01,1393,120059.46,86.19
2024-11-01,1469,125610.66,85.51
2024-12-01,1499,124755,83.23
2025-01-01,1530,128845.86,84.21
2025-02-01,1453,124383.14,85.6
2025-03-01,1642,143726.56,87.53
2025-04-01,1622,138928.32,85.65
2025-05-01,1750,143948.73,82.26
2025-06-01,1749,150676.89,86.15
2025-07-01,1869,159804.65,85.5
2025-08-01,1923,169854.42,88.33
2025-09-01,2037,166630.55,81.8
2025-10-01,2181,179503.06,82.3
2025-11-01,2069,168830.58,81.6
2025-12-01,2296,196852.55,85.74
2026-01-01,2548,210915.82,82.78
2026-02-01,2297,193200.62,84.11
2026-03-01,2677,234343.72,87.54
2026-04-01,2823,235399.49,83.39
2026-05-01,3082,265292.55,86.08
2026-06-01,3170,274241.67,86.51
2026-07-01,3558,296379.84,83.3
2026-08-01,4147,348631.57,84.07
2026-09-01,5396,449022.39,83.21
