category,items_sold,net_revenue,revenue_share_pct,gross_profit,gross_margin_pct
Outerwear & Coats,6629,972234.55,12.4,540862.33,55.6
Jeans,9185,909348.86,11.6,421603.28,46.4
Sweaters,7952,607217.51,7.7,314972.86,51.9
Swim,8275,479286.02,6.1,236991.66,49.4
Fashion Hoodies & Sweatshirts,8664,469967.43,6,226142.83,48.1
Suits & Sport Coats,3658,465092.45,5.9,278473.51,59.9
Sleep & Lounge,8186,404464.09,5.2,208006.32,51.4
Shorts,7942,361415.02,4.6,180446.17,49.9
Tops & Tees,8580,359360.2,4.6,158167.81,44
Dresses,3952,339504.09,4.3,186781.59,55
Intimates,9706,327672.56,4.2,153428.66,46.8
Active,6519,316572.64,4,183998.34,58.1
Accessories,7282,309217.02,3.9,185265.44,59.9
Pants,5119,305909.31,3.9,165481.83,54.1
Blazers & Jackets,2343,218584.33,2.8,135753.57,62.1
Maternity,3667,182075.36,2.3,101762.17,55.9
Underwear,5300,145122.99,1.9,76938.91,53
Pants & Capris,2498,136284.57,1.7,64457.97,47.3
Plus,3123,123262.08,1.6,61517.05,49.9
Suits,780,89351.39,1.1,35373.51,39.6
Socks,4315,89316.21,1.1,35450.21,39.7
Skirts,1451,75313.65,1,45288.37,60.1
Leggings,2372,65824.84,0.8,26428.58,40.1
Socks & Hosiery,2762,45066.54,0.6,26963.99,59.8
Jumpsuits & Rompers,681,33249.15,0.4,15485.35,46.6
Clothing Sets,153,12429.24,0.2,4707.95,37.9
