category,items_not_cancelled,returned_items,return_rate_pct,returned_revenue
Outerwear & Coats,7578,949,12.5,137690.16
Jeans,10365,1180,11.4,112288.79
Sweaters,9032,1080,12.0,82249.54
Suits & Sport Coats,4160,502,12.1,67522.3
Swim,9390,1115,11.9,64008.54
Fashion Hoodies & Sweatshirts,9779,1115,11.4,60611.85
Sleep & Lounge,9261,1075,11.6,53583.42
Tops & Tees,9732,1152,11.8,48785.19
Dresses,4473,521,11.6,47914.71
Shorts,8992,1050,11.7,47751.33
Pants,5863,744,12.7,45447.92
Active,7415,896,12.1,44882.05
Intimates,11021,1315,11.9,43616.76
Accessories,8229,947,11.5,42522.51
Maternity,4196,529,12.6,27315.58
Blazers & Jackets,2648,305,11.5,25042.52
Underwear,6038,738,12.2,20001.92
Pants & Capris,2831,333,11.8,19425.22
Plus,3555,432,12.2,15545.71
Suits,900,120,13.3,14085.99
Skirts,1660,209,12.6,11414.04
Socks,4913,598,12.2,10866.21
Leggings,2692,320,11.9,8986.54
Socks & Hosiery,3130,368,11.8,5958.42
Jumpsuits & Rompers,774,93,12.0,4456.72
Clothing Sets,164,11,6.7,796.87